Naam;Omschrijving;Kode;URL;EC;BoekVerplicht;Lesuren;Video;Slides;Allen;BDAM;FICT;SE;IAT;GI-BE;GI-AN;GI-AD;GI-ON;GI-RE;BP-BE;BP-AN;BP-AD;BP-ON;BP-RE;IS-BE;IS-AN;IS-AD;IS-ON;IS-RE;SW-BE;SW-AN;SW-AD;SW-ON;SW-RE;HI-BE;HI-AN;HI-AD;HI-ON;HI-RE;aantal1;aantal2;aantal3;level;S-GI-BE;S-GI-AN;S-GI-AD;S-GI-ON;S-GI-RE;S-BP-BE;S-BP-AN;S-BP-AD;S-BP-ON;S-BP-RE;S-IS-BE;S-IS-AN;S-IS-AD;S-IS-ON;S-IS-RE;S-SW-BE;S-SW-AN;S-SW-AD;S-SW-ON;S-SW-RE;S-HI-BE;S-HI-AN;S-HI-AD;S-HI-ON;S-HI-RE
iad1;Algoritmen en Datastructuren 1;rugo2q4;https://hogeschoolleiden.sharepoint.com/sites/og1920.iad1-algoritmen-en-datastructuren-1/SitePages/Home.aspx;3;J;;MS;PPT;;;;V;;;;;;;;;;;;;;;;;;;;2;2;;;;;;0;2;0;2;;;;;;;;;;;;;;;;;;;2;2;;;;;
iarch;IT Architectuur;27tklmp;https://hogeschoolleiden.sharepoint.com/sites/og1920.iarch-it-architectuur/SitePages/Home.aspx;3;;;MS;PDF;V;;;;;;;;;1;;;;;;;;;;1;;;;;1;;1;;;1;5;0;0;1;;;;;;;;;;;;;;;;;;;;;;;;;
ibdw;Business Intelligence & Data Warehousing;v7ov03f;https://hogeschoolleiden.sharepoint.com/sites/og1920.ibdw-business-intelligence-en-data-warehousing/SitePages/Home.aspx;3;;;;;;V;;;;;;;;;;;;;;;;;;;;;;;;;;;;;0;0;0;0;;;;;;;;;;;;;;;;;;;;;;;;;
ibk5;Opzetten eigen IT bedrijf ;dfm60tc;https://hogeschoolleiden.sharepoint.com/sites/og1920.ibk5-opzetten-eigen-it-bedrijf/SitePages/Home.aspx;3;;;;;K;;;;;;;;;;;;;;;;;;;;;;;;;;;;;;0;0;0;0;;;;;;;;;;;;;;;;;;;;;;;;;
icomas;Assessment en Zelfonderzoek;70drgk9;https://hogeschoolleiden.sharepoint.com/sites/og1920.icomas-assessment-en-zelfonderzoek/SitePages/Home.aspx;3;J;;;PDF;K;;;;;;;;;;;;;;;;;;;;;;;;;;;;;;0;0;0;0;;;;;;;;;;;;;;;;;;;;;;;;;
icommha;Communicatie Hoofdfase;2yg5607;https://hogeschoolleiden.sharepoint.com/sites/og1920.icommha-communicatie-hoofdfase/SitePages/Home.aspx;3;;;MS;PPT;V;;;;;;;;;;;;;;;;;;;;;;;;;;;;;;0;0;0;0;;;;;;;;;;;;;;;;;;;;;;;;;
icommpr;Communicatie 1;bimjfdb;https://hogeschoolleiden.sharepoint.com/sites/og1920.icommpr-communicatie-1/SitePages/Home.aspx;3;;;;;V;;;;;;;;;;;;;;;;;;;;;;;;;;;;;;0;0;0;0;;;;;;;;;;;;;;;;;;;;;;;;;
icpt;Concepten in Programmeertalen;i3by9ve;https://hogeschoolleiden.sharepoint.com/sites/og1920.icpt-concepten-in-programmeertalen/SitePages/Home.aspx;3;J;;;PPT;;;;V;;;;;;;;;;;;;;;;;;;;3;;;;;;;0;0;1;3;;;;;;;;;;;;;;;;;;;2;;;;;;
idaan2;Data-analyse 2;41042c8;https://hogeschoolleiden.sharepoint.com/sites/og1920.idaan2-data-analyse-2/SitePages/Home.aspx;3;J;;;PDF;;V;;;;;;;;;;3;;;;;3;;;;;2;;;;;;;;;0;1;2;3;;;;;;;3;;;;;2;;;;;2;;;;;;;;
idam;Datamanagement;eysmpbb;https://hogeschoolleiden.sharepoint.com/sites/og1920.idam-datamanagement/SitePages/Home.aspx;3;J;;;;;V;;;;;;;;;2;;;;;2;;2;;;;;2;;;;;;;;0;4;0;2;1;1;1;1;1;;1;1;;;1;;;;;1;;;;;;;;;
idana1;Data-analyse Basis;in3ai1g;https://hogeschoolleiden.sharepoint.com/sites/og1920.idana1-data-analyse-basis/SitePages/Home.aspx;3;;;MS;PPT;;V;;;;;;;;;;;2;;;;;2;;;;;2;;;;;;;;0;3;0;2;;;;;;;;1;;;;;1;;;;;1;;;;;;;
idarch;Data Architectuur;zs0fx07;https://hogeschoolleiden.sharepoint.com/sites/og1920.idarch-data-architectuur/SitePages/Home.aspx;3;;;;PDF;;V;;;;;;;;;;2;3;3;;;;;;;;3;3;;;;;;;;0;1;4;3;;;;;;;2;2;2;;;;;;;;2;2;;;;;;;
idare;Data Realisatie;2578gf0;https://hogeschoolleiden.sharepoint.com/sites/og1920.idare-data-realisatie/SitePages/Home.aspx;3;J;;MS;PDF;;V;;;;;;;;;;3;2;3;;;;;;;;;;;;;;;;;0;1;2;3;;;;;;;2;2;2;;;;;;;;;;;;;;;;
idepa;Inleiding Design Patterns;0a6hicd;https://hogeschoolleiden.sharepoint.com/sites/og1920.idepat-design-patterns/SitePages/Home.aspx;3;J;;;;K;;;;;;;;;;;;;;;;;;;;;;3;2;;;;;;;0;1;1;3;;;;;;;;;;;;;;;;;;3;2;;;;;;
idepat;Design Patterns;rfvpoy2;https://hogeschoolleiden.sharepoint.com/sites/og1920.idepat-design-patterns/SitePages/Home.aspx;3;;;;;;;;V;;;;;;;;;;;;;;;;;;;;;;;;;;;0;0;0;0;;;;;;;;;;;;;;;;;;;;;;;;;
iethi;Ethiek;1ascc9w;https://hogeschoolleiden.sharepoint.com/sites/og1920.iethi-ethiek/SitePages/Home.aspx;3;;;;;V;;;;;;;;;;;;;;;;;;;;;;;;;;;;;;0;0;0;0;;;;;;;;;;;;;;;;;;;;;;;;;
ifedy;E-Discovery;ufwr443;https://hogeschoolleiden.sharepoint.com/sites/og1920.ifedy-e-discovery/SitePages/Home.aspx;3;J;;YT;PDF;;;V;;;;;;;;;3;2;;;;2;;;;;2;;;;;;;;;0;3;1;3;;;;;;;2;1;;;;2;;;;;2;;;;;;;;
ifito;Inleiding Forensisch ICT Onderzoek;gpmb4ii;https://hogeschoolleiden.sharepoint.com/sites/og1920.ifito-inleiding-forensisch-ict-onderzoek/SitePages/Home.aspx;3;J;;MS;;V;;;;;;;;;;;1;;;1;;1;;;;;1;;;;;;;;;4;0;0;1;;;;;;;;;;;;;;;;;;;;;;;;;
ifma;Malware analyse in systemen;(via PWI);https://hogeschoolleiden.sharepoint.com/sites/og1920.ifma-malware-analyse-in-systemen/SitePages/Home.aspx;3;;;;;;;V;;;;;;;;;2;;;;;2;;1;;;2;;;;;;;;;1;3;0;2;;;;;;;1;;;;;1;;1;;;1;;;;;;;;
ifnwr;Netwerkonderzoek;uphmu30;https://hogeschoolleiden.sharepoint.com/sites/og1920.ifnwr-netwerkonderzoek/SitePages/Home.aspx;3;J;;;;;;V;;;;;;;;1;1;1;;;;2;1;;;2;2;1;;;;;;;;5;3;0;2;;;;;;;1;1;;;;1;;;;1;1;;;;;;;;
ifosi;Internetonderzoek;lyqnneb;https://hogeschoolleiden.sharepoint.com/sites/og1920.ifosi-internetonderzoek;3;;;;PPT;;;V;;;;2;;;;1;1;;;;;3;;;;;2;;;;;;;;;2;2;1;3;;1;;;;;1;;;;;2;;;;;1;;;;;;;;
ifp2;Functioneel Projectmanagement;3swizds;https://hogeschoolleiden.sharepoint.com/sites/og1920.ifp2-functioneel-projectmanagement/SitePages/Home.aspx;3;J;;;;;;;;;;;;;;2;;;;3;;;;;;;;;;;;;;;;0;1;1;3;;;;;;1;;;;2;;;;;;;;;;;;;;;
ifrcht;Recht voor forensisch It-ers;6msu36a;https://hogeschoolleiden.sharepoint.com/sites/og1920.ifrcht-recht-voor-forensisch-it-ers;3;J;;;PPT;;;V;;;;;;;;;;;;;;;;;;;;;;;;;;;;0;0;0;0;;;;;;;;;;;;;;;;;;;;;;;;;
ifto;Technisch Onderzoek;espsnz1;https://hogeschoolleiden.sharepoint.com/sites/og1920.ifto-technisch-onderzoek/SitePages/Home.aspx;3;;;MS;PDF;;;V;;;;2;2;;;;;;;;;;;;;2;2;2;;;;2;1;1;;2;6;0;2;;1;1;;;;;;;;;;;;;1;1;1;;;;1;;;
iiatimd;Interactie-technologie Programming for Mobile Devices;l8qvgru;https://hogeschoolleiden.sharepoint.com/sites/og1920.iiatimd-interactie-technologie-programming-for-mobile-dev/SitePages/Home.aspx;3;;;;;;;;;V;;;;;;;;;;;;;;;;;;;;;;;;;;0;0;0;0;;;;;;;;;;;;;;;;;;;;;;;;;
iibpm;Inleiding Informatie management;uyxol96;https://hogeschoolleiden.sharepoint.com/sites/og1920.iibpm-inleiding-informatiemanagement/SitePages/Home.aspx;3;;;;;V;;;;;;;;;;;1;;1;;;;;;;;;;;;;;;;;2;0;0;1;;;;;;;;;;;;;;;;;;;;;;;;;
iibui;Inleiding Business Intelligence;9z28lhu;https://hogeschoolleiden.sharepoint.com/sites/og1920.iibui-inleiding-business-intelligence/SitePages/Home.aspx;3;;;MS;PPT;V;;;;;;1;1;;;;1;1;;;;;;;;;;;;;;;;;;4;0;0;1;;;;;;;;;;;;;;;;;;;;;;;;;
iipbdama;Project inleiding BDaM;pux9e2u;https://hogeschoolleiden.sharepoint.com/sites/og1920.iipbdama-project-inleiding-bdam/SitePages/Home.aspx;7;;;;;;V;;;;;;;;;;;;;;;;;;;;;;;;;;;;;0;0;0;0;;;;;;;;;;;;;;;;;;;;;;;;;
iipforit;Project inleiding FICT;zq3pqz8;https://hogeschoolleiden.sharepoint.com/sites/og1920.iipforit-project-inleiding-fict;7;;;;;;;V;;;;;;;;1;;;1;1;1;;;;;1;1;;;;;;;;;6;0;0;1;;;;;;;;;;;;;;;;;;;;;;;;;
iipiata;Project inleiding IAT;n6sssag;https://hogeschoolleiden.sharepoint.com/sites/og1920.iipiata-project-inleiding-iat/SitePages/Home.aspx;7;;;;;;;;;V;;;;;;;;;;;;;;;;;;;;;;;;;;0;0;0;0;;;;;;;;;;;;;;;;;;;;;;;;;
iipr;Inleiding programmeren ;mkr63k5;https://hogeschoolleiden.sharepoint.com/sites/og1920.iipr-inleiding-programmeren/SitePages/Home.aspx;4;J;;MS;PDF;V;;;;;;;;;;;;;;;;;;;;;;;;1;;;;;;1;0;0;1;;;;;;;;;;;;;;;;;;;;;;;;;
iipsene;Project inleiding SE;7xatdn5;https://hogeschoolleiden.sharepoint.com/sites/og1920.iipsene-project-inleiding-se/SitePages/Home.aspx;7;;;;;;;;V;;;;;;;;;;;;;;;;;;;;;;;;;;;0;0;0;0;;;;;;;;;;;;;;;;;;;;;;;;;
iited;MINOR IT-educatie;70xjiy7;https://hogeschoolleiden.sharepoint.com/sites/og1920.iited-it-educatie/SitePages/Home.aspx;30;;;;PPT;K;;;;;;;;;;;;;;;;;;;;;;;;;;;;;;0;0;0;0;;;;;;;;;;;;;;;;;;;;;;;;;
iitorg;Inleiding Organisatiekunde;djhygdg;https://hogeschoolleiden.sharepoint.com/sites/og1920.iitorg-inleiding-organisatiekunde;3;J;;MS;;V;;;;;;;;;;;2;2;2;;;;;;;;;;;;;;;;;0;3;0;2;;;;;;;1;1;1;;;;;;;;;;;;;;;;
iitps;IT Psychologie;zzg53mi;https://hogeschoolleiden.sharepoint.com/sites/og1920.iitps-it-psychologie;3;J;;;PDF;K;;;;;;;;;;;1;1;;;;;;;;;;;;;;;;;;2;0;0;1;;;;;;;;;;;;;;;;;;;;;;;;;
iiwis;Inleiding Wiskunde & Statistiek;84isi1g;https://hogeschoolleiden.sharepoint.com/sites/og1920.iiwis-inleiding-wiskunde-en-statistiek/SitePages/Home.aspx;3;J;;YT;PDF;V;;;;;;;;;;;;;;;;;;;;;;;;;;;;;;0;0;0;0;;;;;;;;;;;;;;;;;;;;;;;;;
ikbdam;Keuzemodule BDaM;emqox13;https://hogeschoolleiden.sharepoint.com/sites/og1920.ikbdam-keuzemodule-bdam/SitePages/Home.aspx;3;J;;;;K;;;;;;;;;;2;;;;;2;2;;;;;;2;;;;;;;;0;4;0;2;1;1;1;1;1;;1;1;;;1;;;;;1;;;;;;;;;
ikblock;BlockChain;esz97wg;https://hogeschoolleiden.sharepoint.com/sites/og1920.ikblock-blockchain/SitePages/Home.aspx;3;J;;;PPT;K;;;;;;;;;;;;2;;;;;2;;;;;2;2;2;;;;;;0;5;0;2;;;;;;;;;;;;;;;;;;;;;;;;;
ikcp;Concepten in Programmeertalen;1tsdzlh;https://hogeschoolleiden.sharepoint.com/sites/og1920.ikcp-concepten-in-programmeertalen/SitePages/Home.aspx;3;;;;PPT;K;;;;;;;;;;;;;;;;;;;;;;;;;;;;;;0;0;0;0;;;;;;;;;;;;;;;;;;;;;;;;;
ikdock;Docker;9cyoinf;https://hogeschoolleiden.sharepoint.com/sites/og1920.ikdock-docker/SitePages/Home.aspx;3;;;;PPT?;K;;;;;;;;;;;;;;;;;;;2;2;;;;;;;;;;0;2;0;2;;;;;;;;;;;;;;;1;1;;;;;;;;;
ikema;Kennis Management;4zv951h;https://hogeschoolleiden.sharepoint.com/sites/og1920.ikema-kennis-management/SitePages/Home.aspx;3;;;;;K;;;;;;;;;;;;;;;;;;;;;;;;;;;;;;0;0;0;0;;;;;;;;;;;;;;;;;;;;;;;;;
ikfair;FAIR (onderzoeks-)data-principe;1660obv;https://hogeschoolleiden.sharepoint.com/sites/og1920.ikfair-fair-onderzoeks-data-principe;3;;;;;;;;;;;;;;;;;;;;;;;;;;;;;;;;;;;0;0;0;0;;;;;;;;;;;;;;;;;;;;;;;;;
ikfict;Keuzemodule FICT;b4f1a3m;https://hogeschoolleiden.sharepoint.com/sites/og1920.ikfict-keuzemodule-fict/SitePages/Home.aspx;3;J;;;;K;;;;;;;;;;1;1;1;;;;2;1;;;2;2;1;;;;;;;;5;3;0;2;;;;;;;1;1;;;;1;;;;1;1;;;;;;;;
ikfram;Frameworks;f785f01;https://hogeschoolleiden.sharepoint.com/sites/og1920.ikfram-frameworks/SitePages/Home.aspx;3;;;MS;;K;;;;;;;;;;;;;;;;;;;2;;;;;;;;;;;0;1;0;2;;;;;;;;;;;;;;;1;;;;;;;;;;
ikgeo;Geografische data / Open Data;ju0y06v;https://hogeschoolleiden.sharepoint.com/sites/og1920.ikgeo-geografische-informatiesystemen/SitePages/Home.aspx;3;;;;PPT;K;;;;;;;;2;2;;;;;;;;;;;;;;2;2;;;;;;0;4;0;2;;;;2;2;;;;;;;;;;;;;;2;2;;;;;
ikitil;ITIL;fo6fclp;https://hogeschoolleiden.sharepoint.com/sites/og1920.ikitil-itil/SitePages/Home.aspx;3;J;;;;K;;;;;;;;;;2;2;1;;;1;;;;;1;;;;;;;;;;3;2;0;2;;;;;;1;1;1;;;1;;;;;1;;;;;;;;;
iklo;Logica;33rht18;https://hogeschoolleiden.sharepoint.com/sites/og1920.iklo-logica/SitePages/Home.aspx;3;;;;;K;;;;;;;;;;;;;;;;;;;;;1;;;;;;;;;1;0;0;1;;;;;;;;;;;;;;;;;;;;;;;;;
ikmedt;Keuzemodule IAT;snto855;https://hogeschoolleiden.sharepoint.com/sites/og1920.ikmedt-keuzemodule-iat/SitePages/Home.aspx;3;;;;;K;;;;;;;;1;2;;;;;;;;;;;;;;;;;;;;;1;1;0;2;;;;;1;;;;;;;;;;;;;;;;;;;;
ikml;Machine Learning;mox8m2u;https://hogeschoolleiden.sharepoint.com/sites/og1920.ikml-machine-learning/SitePages/Home.aspx;3;;;YT;PDF;K;;;;;;;;;;;;2;;;;;2;;;;;2;;;;;;;;0;3;0;2;;;;;;;;1;;;;;1;;;;;1;;;;;;;
ikpmd;Programming for Mobile Devices;whigpfi;https://hogeschoolleiden.sharepoint.com/sites/og1920.ikpmd-programming-for-mobile-devices/SitePages/Home.aspx;3;;;;PPT;K;;;;;;1;;;;;;;;;;;;;;;;;2;;2;;;;;1;2;0;2;;;;1;;;;;;;;;;;;1;;;1;;;;;;
ikrefact;Software Refactory;k70wume;https://hogeschoolleiden.sharepoint.com/sites/og1920.ikrefact-software-refactory/SitePages/Home.aspx;3;;;;;K;;;;;;;;;;;;;;;;;;;;;;;;;;;;;;0;0;0;0;;;;;;;;;;;;;;;;;;;;;;;;;
ikse;Keuzemodule SE;5cz58ye;https://hogeschoolleiden.sharepoint.com/sites/og1920.ikse-keuzemodule-se/SitePages/Home.aspx;3;;;;;K;;;;;;;;;;;;;;;;;;;;;;;;;;;;;;0;0;0;0;;;;;;;;;;;;;;;;;;;;;;;;;
iksnorg;Sociale netwerken in organisaties;abygxoq;https://hogeschoolleiden.sharepoint.com/sites/og1920.iksnorg-sociale-netwerken-in-organisaties/SitePages/Home.aspx;3;;;;;K;;;;;;;;;;;;;;;;;;;;;;;;;;;;;;0;0;0;0;;;;;;;;;;;;;;;;;;;;;;;;;
ikue;Usability Engineering;28bb0f7;https://hogeschoolleiden.sharepoint.com/sites/og1920.ikue-usability-engineering/SitePages/Home.aspx;3;;;;;K;;;;;;;;;;;;;;;;;;;;;;;;;;;;;;0;0;0;0;;;;;;;;;;;;;;;;;;;;;;;;;
ilg1;Logica;2n7shci;https://hogeschoolleiden.sharepoint.com/sites/og1920.ilg1-logica/SitePages/Home.aspx;3;;;;;;;;V;;;;;;;;;;;;;;;;;;1;;;;;;;;;1;0;0;1;;;;;;;;;;;;;;;;;;;;;;;;;
ilnux1;Linux 1;tq13tqk;https://hogeschoolleiden.sharepoint.com/sites/og1920.ilnux1-linux-1/SitePages/Home.aspx;3;;;extern;PPT;K;;;;;;;;;;;;;;;;;;;;;;;;;;;;;;0;0;0;0;;;;;;;;;;;;;;;;;;;;;;;;;
imixr;Mixed Reality in Onderzoek;uub35xc;https://hogeschoolleiden.sharepoint.com/sites/og1920.imixr-mixed-reality-in-onderzoek/SitePages/Home.aspx;30;;;no access;;K;;;;;;;;;;;;;;;;;;;;;;;;;;;;;;0;0;0;0;;;;;;;;;;;;;;;;;;;;;;;;;
imtcm;Interactie-technologie Creative marketing;8mtu9nb;https://hogeschoolleiden.sharepoint.com/sites/og1920.imtcm-interactie-technologie-creative-marketing;3;J;;;;;;;;V;;;;3;3;;;;;;;;;;;;;;;;;;;;;0;0;2;3;;;;2;2;;;;;;;;;;;;;;;;;;;;
imtd1;Interactie-technlogisch Design 1 ;9g3ctc3;https://hogeschoolleiden.sharepoint.com/sites/og1920.imtd1-interactie-technlogisch-design-1/SitePages/Home.aspx;3;J;;;PDF;;;;;V;;;;2;1;;;;;;;;;;;;;;;;;;;;;1;1;0;2;;;;1;;;;;;;;;;;;;;;;;;;;;
imthe1;Interactie-technologie Hardware Engineering;dmh9f4d;https://hogeschoolleiden.sharepoint.com/sites/og1920.imthe1-interactie-technologie-hardware-engineering/SitePages/Home.aspx;3;J;;;PDF;;;;;V;;;;;;;;;;;;;;;;;;;1;1;;1;1;1;;5;0;0;1;;;;;;;;;;;;;;;;;;;;;;;;;
imthmi;Human-Machine-interaction;3urbclq;https://hogeschoolleiden.sharepoint.com/sites/og1920.imthmi-human-machine-interaction/SitePages/Home.aspx;3;;;;PDF;;;;;V;;;;;;;;;;;;;;;;;;;;;;;;;;0;0;0;0;;;;;;;;;;;;;;;;;;;;;;;;;
imtue;Interactie-technologie Usability Engineering;0foq5rz;https://hogeschoolleiden.sharepoint.com/sites/og1920.imtue-interactie-technologie-usability-engineering/SitePages/Home.aspx;3;;;;PDF;;;;;V;;2;1;;1;;;;;;;;;;;;;;;;;;;;;2;1;0;2;;1;;;1;;;;;;;;;;;;;;;;;;;;
imtux;Interactie-technologie User Experience;b3gxlto;https://hogeschoolleiden.sharepoint.com/sites/og1920.imtux-interactie-technologie-user-experience;3;;;YT;PDF;;;;;V;;3;3;;;;;;;;;;;;;;;;;;;;;;;0;0;2;3;;2;2;;;;;;;;;;;;;;;;;;;;;;
inet;IT Netwerkstructuren;rlf3xo7;https://hogeschoolleiden.sharepoint.com/sites/og1920.inet-it-netwerkstructuren/SitePages/Home.aspx;3;J;;MS;PPT;V;;;;;;;;;;;;;;;;1;;1;1;;;;;;;;;;;3;0;0;1;;;;;;;;;;;;;;;;;;;;;;;;;
ioo1;Objectgeoriënteerd ontwerpen en programmeren 1;bnz3axb;https://hogeschoolleiden.sharepoint.com/sites/og1920.ioo1-objectgeorienteerd-ontwerpen-en-programmeren-1/SitePages/Home.aspx;3;;;MS;PDF;V;;;;;;;;;;;1;;;;;;;;;1;1;;1;1;;;;;;5;0;0;1;;;;;;;;;;;;;;;;1;1;;1;1;;;;;
iooa;Objectgeoriënteerd ontwerpen en programmeren 2;rmmtlpe;https://hogeschoolleiden.sharepoint.com/sites/og1920.iooa-objectgeorienteerd-ontwerpen-en-programmeren-2/SitePages/Home.aspx;4;;;;;V;;;;;;;;;;;1;;;;;;;;;;2;;2;2;;;;;;1;3;0;2;;;;;;;1;;;;;;;;;;1;;1;1;;;;;
ipbdam2;Project Business DataManagement 2;c19kyha;https://hogeschoolleiden.sharepoint.com/sites/og1920.ipbdam2-project-business-datamanagement-2/SitePages/Home.aspx;6;;;;PDF;;V;;;;;;;;;;2;;;;;;;;2;;;;2;2;;;;;;0;4;0;2;1;1;1;1;1;1;1;1;1;1;1;1;1;1;1;1;1;1;1;1;1;1;1;1;1
ipbdam3;Project Business DataManagement 3;q03jcty;https://hogeschoolleiden.sharepoint.com/sites/og1920.ipbdam3-project-business-datamanagement-3;6;;;;PPT;;V;;;;;;;;;;2;;;;;2;;;1;2;2;;;2;;;;;;1;5;0;2;;;;;;;;;;;;;;;;;;;;;;;;;
ipbdam4;Project Business DataManagement 4;n0y7xh7;https://hogeschoolleiden.sharepoint.com/sites/og1920.ipbdam4-project-business-datamanagement-4/SitePages/Home.aspx;6;;;;;;V;;;;;;;;;;;;;;;;;;;;;;;;;;;;;0;0;0;0;;;;;;;;;;;;;;;;;;;;;;;;;
ipbdam5;Project Business DataManagement 5;nmzhl7c;https://hogeschoolleiden.sharepoint.com/sites/og1920.ipbdam5-project-business-datamanagement-5/SitePages/Home.aspx;6;;;;;;V;;;;;;;;;;;;;;;;;;;;;;;;;;;;;0;0;0;0;;;;;;;;;;;;;;;;;;;;;;;;;
ipdamh;Hoofdfaseproject Business DataManagement;0cnb5ab;https://hogeschoolleiden.sharepoint.com/sites/og1920.ipdamh-hoofdfaseproject-business-datamanagement/SitePages/Home.aspx;9;;;;;;V;;;;;;;;;3;3;3;3;;2;;;;;2;;;;;;;;;;0;2;4;3;;;;;;3;3;2;2;;2;;;;;1;;;;;;;;;
ipfit4;Project Forensisch ICT 4;ag875vb;https://hogeschoolleiden.sharepoint.com/sites/og1920.ipfit4-project-forensisch-ict-4/SitePages/Home.aspx;6;;;;;;;V;;;;;;;;;2;1;;;;;;;;;2;2;;;;;;;;1;3;0;2;;;;;;;1;;;;;;;;;;1;1;;;;;;;
ipfit5;Project Forensisch ICT 5;5ljia52;https://hogeschoolleiden.sharepoint.com/sites/og1920.ipfit5-project-forensisch-ict-5/SitePages/Home.aspx;6;;;;PDF;;;V;;;1;;;1;1;;;;;;;;;;;2;2;1;2;2;;;;;;4;4;0;2;1;;;1;1;;;;;;2;2;1;2;1;;;;;;;;;;
ipfit6;Project Forensisch ICT 6;y707h1d;https://hogeschoolleiden.sharepoint.com/sites/og1920.ipfit6-project-forensisch-ict-6/SitePages/Home.aspx;6;;;;;;;V;;;;;;;;2;2;;;;;;;;;;2;3;;;;;;;;0;3;1;3;;;;;;1;1;;;;;;;;;;1;1;;;;;;;
ipfit7;Project Forensisch ICT 7;7xvksas;https://hogeschoolleiden.sharepoint.com/sites/og1920.ipfit7-project-forensisch-ict-7/SitePages/Home.aspx;6;;;;PDF;;;V;;;;;;;;2;3;2;;;;3;;;2;;3;;;;;;;;;0;3;3;3;;;;;;1;2;1;;;;2;;;1;;2;;;;;;;;
ipfjuri;Juridisch Forenscisch Project;yd5v11j;https://hogeschoolleiden.sharepoint.com/sites/og1920.ipfjuri-juridisch-forenscisch-project/SitePages/Home.aspx;6;J;;;PDF;;;V;;;1;1;;;;1;1;;;;;1;;2;;2;1;;;;;1;;;;7;2;0;2;1;1;;;;1;1;;;;;1;;1;;1;1;;;;;1;;;
ipfnet;Project Netwerkonderzoek;n67f37j;https://hogeschoolleiden.sharepoint.com/sites/og1920.ipfnet-project-netwerkonderzoek/SitePages/Home.aspx;6;J;;;;;;V;;;;;;;;;1;;;;2;2;2;;;2;2;2;;;;;;;;1;6;0;2;;;;;;;1;;;;1;1;1;;;1;1;1;;;;;;;
ipmedt2;Project Interactie-technologie 2;x5xp2ho;https://hogeschoolleiden.sharepoint.com/sites/og1920.ipmedt2-project-interactie-technologie-2/SitePages/Home.aspx;6;;;no access;;;;;;V;;;;;;;;;;;;;;;;;;;;;;;;;;0;0;0;0;;;;;;;;;;;;;;;;;;;;;;;;;
ipmedt3;Project Interactie-technologie 3;g1ki21w;https://hogeschoolleiden.sharepoint.com/sites/og1920.ipmedt3-project-interactie-technologie-3/SitePages/Home.aspx;6;;;MS/YT;PPT;;;;;V;;;;1;2;;;;;;;;;;;;;1;;;;;;;;2;1;0;2;;;;;1;;;;;;;;;;;;;;;;;;;;
ipmedt4;Project Interactie-technologie 4;mlpansw;https://hogeschoolleiden.sharepoint.com/sites/og1920.ipmedt4-project-interactie-technologie-4/SitePages/Home.aspx;6;;;;;;;;;V;;;2;;;;;;;;;;;;;2;;;;2;;;;;;0;3;0;2;;2;1;;;;;;;;;;;;;1;;;;1;;;;;
ipmedt5;Project Interactie-technologie 5;whwt920;https://hogeschoolleiden.sharepoint.com/sites/og1920.ipmedt5-project-interactie-technologie-5/SitePages/Home.aspx;6;;;;;;;;;V;;;;;2;;;;;;;;;;;;;;;2;;;;1;1;2;2;0;2;;;;;1;;;;;;;;;;;;;;;1;;;;;
ipmedth;Hoofdfaseproject Interactie-technologie ;ik80bgm;https://hogeschoolleiden.sharepoint.com/sites/og1920.ipmedth-hoofdfaseproject-interactie-technologie/SitePages/Home.aspx;9;;;;PDF;;;;;V;;2;;3;3;;;;;;;;;;;;1;;1;3;;;;;;2;1;3;3;;1;;2;2;;;;;;;;;;;;;;1;2;;;;;
ipodm;Praktische Opdracht Business DataManagement;tvuwl8m;https://hogeschoolleiden.sharepoint.com/sites/og1920.ipodm-praktische-opdracht-business-datamanagement/SitePages/Home.aspx;2;;;;;V;;;;;;;;;;;;;;;;;;;;;;;;;;;;;;0;0;0;0;;;;;;;;;;;;;;;;;;;;;;;;;
ipofit;Praktische Opdracht Forensisch ICT;7z79fiw;https://hogeschoolleiden.sharepoint.com/sites/og1920.ipofit-praktische-opdracht-forensisch-ict/SitePages/Home.aspx;2;;;;;V;;;;;;;;;;;;;;;;1;;;;;1;;;;;;;;;2;0;0;1;;;;;;;;;;;;;;;;;;;;;;;;;
ipohbo;Praktische Opdracht Professionele Vaardigheden;dupxe77;https://hogeschoolleiden.sharepoint.com/sites/og1920.ipohbo-praktische-opdracht-professionele-vaardigheden/SitePages/Home.aspx;3;;;;;V;;;;;;;;;;;;;;;;;;;;;;;;;;;;;;0;0;0;0;;;;;;;;;;;;;;;;;;;;;;;;;
ipomedt;Praktische Opdracht Interactie-technologie;swwojeh;https://hogeschoolleiden.sharepoint.com/sites/og1920.ipomedt-praktische-opdracht-interactie-technologie/SitePages/Home.aspx;2;;;;;V;;;;;;;;;;;;;;;;;;;;;;;;;;;;;;0;0;0;0;;;;;;;;;;;;;;;;;;;;;;;;;
ipose;Praktische Opdracht Software Engineering;m9hfckh;https://hogeschoolleiden.sharepoint.com/sites/og1920.ipose-praktische-opdracht-software-engineering/SitePages/Home.aspx;2;;;;;V;;;;;;;;;;;;;;;;;;;;;;;;;;;;;;0;0;0;0;;;;;;;;;;;;;;;;;;;;;;;;;
ipro2;Programmeren van complexe vraagstukken;34pq97s;https://hogeschoolleiden.sharepoint.com/sites/og1920.ipro2-programmeren-van-complexe-vraagstukken/SitePages/Home.aspx;3;;;MS;PPT;;;;V;;;;;;;;;;;;;;;;;;2;;1;1;;;;;;2;1;0;2;;;;;;;;;;;;;;;;;1;;1;1;;;;;
iprodamo;Proces- en Data-modelleren;jwf24ri;https://hogeschoolleiden.sharepoint.com/sites/og1920.iprodamo-proces-en-data-modelleren/SitePages/Home.aspx;3;J;;YT;PDF;;V;;;;;;;2;;;;;2;;;;;;;;;;2;;;;;;;0;3;0;2;;;;;;1;1;1;1;1;;;;;;;;;;;;;;;
iprop;ICT Project vaardigheden;ivwkc6g;https://hogeschoolleiden.sharepoint.com/sites/og1920.iprop-ict-projectvaardigheden/SitePages/Home.aspx;3;;;;;V;;;;;;;;;;;;;;;;;;;;;;;;;;;;;;0;0;0;0;;;;;;;;;;;;;;;;;;;;;;;;;
iprwc;Programmeren in een webcontext;l2ryd65;https://hogeschoolleiden.sharepoint.com/sites/og1920.iprwc-programmeren-in-een-webcontext/SitePages/Home.aspx;3;;;MS;;;;;V;;;;;;;;;;;;;;;;;;;2;2;2;;;;;;0;3;0;2;;;;;;;;;;;;;;;;;;1;1;1;;;;;
ipsen2;Project Software Engineering 2;ddc125p;https://hogeschoolleiden.sharepoint.com/sites/og1920.ipsen2-project-software-engineering-2/SitePages/Home.aspx;6;;;MS;;;;;V;;;;;;;;;;2;;;;;;;1;;;1;2;;;;;;2;2;0;2;;;;;;;;;1;;;;;;;;;;1;1;;;;;
ipsen3;Project Software Engineering 3;spksh6q;https://hogeschoolleiden.sharepoint.com/sites/og1920.ipsen3-project-software-engineering-3/SitePages/Home.aspx;6;;;;PPT;;;;V;;;;;;;;;;;;;;;;;1;2;2;1;2;;;;;;2;3;0;2;;;;;;;;;;;;;;;;;;1;1;2;;;;;
ipsen4;Project Software Engineering 4;6i62lvh;https://hogeschoolleiden.sharepoint.com/sites/og1920.ipsen4-project-software-engineering-4/SitePages/Home.aspx;6;;;;;;;;V;;;;;;;;;;;;;;;;;1;2;2;2;1;;;;;;2;3;0;2;;;;;;;;;;;;;;;;1;2;2;1;1;;;;;
ipsen5;Project Software Engineering 5;sy7zz7s;https://hogeschoolleiden.sharepoint.com/sites/og1920.ipsen5-project-software-engineering-5/SitePages/Home.aspx;6;;;;;;;;V;;;;;;;;;;;;;;;;;2;2;2;2;2;;;;;;0;5;0;2;;;;;;;;;;;;;;;;1;2;2;1;1;;;;;
ipsenh;Hoofdfaseproject Software Engineering;3oyozkm;https://hogeschoolleiden.sharepoint.com/sites/og1920.ipsenh-hoofdfaseproject-software-engineering/SitePages/Home.aspx;6;;;;;;;;V;;;;;;;;2;2;;;;;;;;3;;;3;3;;;;;;0;2;3;3;;;;;;;;;;;;;;;;2;;;2;2;;;;;
iqua;Kwalititeit in de IT;5pj3eke;https://hogeschoolleiden.sharepoint.com/sites/og1920.iqua-kwalititeit-in-de-it/SitePages/Home.aspx;3;;;;;V;;;;;;;;;;;;;;;;;;;;;;;;;;;;;;0;0;0;0;;;;;;;;;;;;;;;;;;;;;;;;;
irdb;Relationele databases;htv4d2h;https://hogeschoolleiden.sharepoint.com/sites/og1920.irdb-relationele-databases/SitePages/Home.aspx;3;J;;MS;PDF;V;;;;;;;;;;;;;;;;;;;;;;;1;1;;;;;;2;0;0;1;;;;;;;;;;;;;;;;;;;;;;;;;
irdbms;Relationele databasemanagement systemen;wml3sxt;https://hogeschoolleiden.sharepoint.com/sites/og1920.irdbms-relationele-databasemanagementsystemen/SitePages/Home.aspx;3;J;;MS;PPT;V;;;;;;;;;;;;;;;;;;;;;;1;2;1;;;;;;2;1;0;2;;;;;;;;;;;;;;;;;;;1;1;;;;;
irdm;Relationele Databases Modelleren;d0qq68p;https://hogeschoolleiden.sharepoint.com/sites/og1920.irdm-relationele-databases-modelleren/SitePages/Home.aspx;3;;;MS;PPT;;;;V;;;;;;;;;;;;;;;;;;1;2;1;2;;;;;;2;2;0;2;;;;;;;;;;;;;;;;;;1;1;2;;;;;
irob;MINOR Robotica, Domotica en Industriele Automatisering;880ody3;https://hogeschoolleiden.sharepoint.com/sites/og1920.irob-robotica-domotica-en-industriele-automatisering/SitePages/Home.aspx;30;;;;;K;;;;;;;;;;;;;;;;;;;;;;;;;;;;;;0;0;0;0;;;;;;;;;;;;;;;;;;;;;;;;;
isecu;IT Security;y03ifj5;https://hogeschoolleiden.sharepoint.com/sites/og1920.isecu-it-security/SitePages/Home.aspx;3;;;MS;PPT;V;;;;;;;;;;;1;;;;;2;2;1;1;;2;2;;;;;;;;3;4;0;2;;;;;;;;;;;;1;1;1;1;;;;;;;;;;
isensiot;MINOR Sensortechnologie en IoT;pag8q0d;https://hogeschoolleiden.sharepoint.com/sites/og1920.isensiot-sensortechnologie-en-iot/SitePages/Home.aspx;30;;;;;K;;;;;;;;;;;;;;;;;;;;;;;;;;;;;;0;0;0;0;;;;;;;;;;;;;;;;;;;;;;;;;
islh;Studieloopbaan begeleiding;w7raz6s;https://hogeschoolleiden.sharepoint.com/sites/og1920.islh-studieloopbaanbegeleiding/SitePages/Home.aspx;3;;;;PPT;V;;;;;;;;;;;;;;;;;;;;;;;;;;;;;;0;0;0;0;;;;;;;;;;;;;;;;;;;;;;;;;
islpr;Studieloopbaan begeleiding;jvmol8g;https://hogeschoolleiden.sharepoint.com/sites/og1920.islpr-studieloopbaanbegeleiding/SitePages/Home.aspx;1;;;MS;;V;;;;;;;;;;;;;;;;;;;;;;;;;;;;;;0;0;0;0;;;;;;;;;;;;;;;;;;;;;;;;;
istat;Statistiek voor IT-ers;1jkcd8s;https://hogeschoolleiden.sharepoint.com/sites/og1920.istat-statistiek-voor-it-ers/SitePages/Home.aspx;3;J;;MS;PPT;K;;;;;;;;;;;;;;;;;;;;;;;;;;;;;;0;0;0;0;;;;;;;;;;;;;;;;;;;;;;;;;
itrapp;Taal in Rapporteren;fj59c8f;https://hogeschoolleiden.sharepoint.com/sites/og1920.itrapp-taal-in-rapporteren/SitePages/Home.aspx;3;J;;MS;PPT;K;;;;;;;;;;;;;;;;;;;;;;;;;;;;;;0;0;0;0;;;;;;;;;;;;;;;;;;;;;;;;;
itrewa;Trend Watching;7v2lkbk;https://hogeschoolleiden.sharepoint.com/sites/og1920.itrewa-trend-watching/SitePages/Home.aspx;3;J;;;;K;;;;;;2;;;;;2;;;;;;;;;;;;;;;;;;;0;2;0;2;;1;;;;;;;;;;;;;;;;;;;;;;;
itst;Testen van software;fdqln05;https://hogeschoolleiden.sharepoint.com/sites/og1920.itst-testen-van-software;3;;;;PDF;;;;V;;;;;;;;;;;;;;;;;;;;;;;;;;;0;0;0;0;;;;;;;;;;;;;;;;;;;;;;;;;
iwder;Webdesign & Realisatie;nobxpbe;https://hogeschoolleiden.sharepoint.com/sites/og1920.iwder-webdesign-en-realisatie;3;J;;;;V;;;;;;;;1;1;;;;;;;;;;;;;;1;1;;;;;;4;0;0;1;;;;;;;;;;;;;;;;;;;;;;;;;
iwis;Wiskunde voor ICT-ers;2zhg2n2;https://hogeschoolleiden.sharepoint.com/sites/og1920.iwis-wiskunde-voor-ict-ers/SitePages/Home.aspx;3;;;YT;PDF;K;;;;;;;;;;;;;;;;;;;;;1;;;;;;;;;1;0;0;1;;;;;;;;;;;;;;;;;;;;;;;;;
iwlab;AFSTUDEREN;h2trbp2;https://hogeschoolleiden.sharepoint.com/sites/og1920.iwlab-afstuderen/SitePages/Home.aspx;30;;;;;V;;;;;;;;;;;;;;;;;;;;;;;;;;;;;;0;0;0;0;;;;;;;;;;;;;;;;;;;;;;;;;
iwls;STAGE;980vqy2;https://hogeschoolleiden.sharepoint.com/sites/og1920.iwls-stage/SitePages/Home.aspx;30;;;;;V;;;;;;;;;;;;;;;;;;;;;;;;;;;;;;0;0;0;0;;;;;;;;;;;;;;;;;;;;;;;;;
